id,ime
0000034,William Holden
0841797,Gloria Swanson
0002233,Erich von Stroheim
0000697,Billy Wilder
0000012,Bette Davis
0000879,Anne Baxter
0001695,George Sanders
0000581,Joseph L. Mankiewicz
0001536,Toshirô Mifune
0477553,Machiko Kyô
0605270,Masayuki Mori
0000041,Akira Kurosawa
0000071,James Stewart
0285922,Wallace Ford
0528621,William H. Lynn
0467396,Henry Koster
0000039,Deborah Kerr
0001289,Stewart Granger
0137999,Richard Carlson
0071682,Compton Bennett
0554249,Andrew Marton
0391062,Judy Holliday
0002024,Broderick Crawford
0002030,George Cukor
0001207,José Ferrer
0694580,Mala Powers
0697733,William Prince
0330456,Michael Gordon
0001847,Richard Widmark
0007222,Paul Douglas
0000895,Barbara Bel Geddes
0001415,Elia Kazan
0002149,Betty Hutton
0444476,Howard Keel
0129894,Louis Calhern
0796645,George Sidney
0000923,Busby Berkeley
0001893,John Archer
0027566,Warner Anderson
0694631,Tom Powers
0681635,Irving Pichel
0427543,Barry Jones
0603682,André Morell
0806058,Olive Sloane
0099589,John Boulting
0099592,Roy Boulting
0382217,Thor Heyerdahl
1111265,Herman Watzinger
1310185,Erik Hesselberg
0588922,Marvin Miller
0357090,Bob Holt
0134255,Robert Cannon
0399524,John Hubley
0382548,Winston Hibler
0511249,Mogens Lind
0019282,James Algar
0545298,Fredric March
0280904,Robert J. Flaherty
0528032,Richard Lyford
0644289,Curt Oertel
7929802,Helen Crlenkovich Morgan
0805344,Bill Slater
0181490,Ernest Corts
0319497,Art Gilmore
0890186,André de la Varre
0000046,Vivien Leigh
0000008,Marlon Brando
0001375,Kim Hunter
0000007,Humphrey Bogart
0000031,Katharine Hepburn
0605923,Robert Morley
0001379,John Huston
0000037,Gene Kelly
0001989,Leslie Caron
0505157,Oscar Levant
0591486,Vincente Minnelli
0001050,Montgomery Clift
0000072,Elizabeth Taylor
0001859,Shelley Winters
0828419,George Stevens
0000027,Alec Guinness
0391361,Stanley Holloway
0416228,Sidney James
0187769,Charles Crichton
0220566,Richard Derr
0750640,Barbara Rush
0361048,Peter Hansen
0005789,Rudolph Maté
0487292,Mario Lanza
0001955,Ann Blyth
0457025,Dorothy Kirsten
0861703,Richard Thorpe
0001078,Bing Crosby
0943837,Jane Wyman
0807252,Alexis Smith
0001008,Frank Capra
0007342,Lee Aaker
0104507,Neville Brand
0113700,Helen Brown
0003593,Fred Zinnemann
0919327,Dwight Weist
0950288,Robert Youngson
0454874,Joe King
0000011,Gary Cooper
0000038,Grace Kelly
0593775,Thomas Mitchell
0000078,John Wayne
0000058,Maureen O&#x27;Hara
0280178,Barry Fitzgerald
0000406,John Ford
0000032,Charlton Heston
0001124,Cecil B. DeMille
0693560,Georges Poujouly
0287637,Brigitte Fossey
0025523,Amédée
0167496,René Clément
0001805,Lana Turner
0000018,Kirk Douglas
0682074,Walter Pidgeon
0000122,Charles Chaplin
0001954,Claire Bloom
0115558,Nigel Bruce
0676492,Jean Peters
0000063,Anthony Quinn
0001248,Zsa Zsa Gabor
0282530,Suzanne Flon
0000044,Burt Lancaster
0095804,Shirley Booth
0601930,Terry Moore
0542702,Daniel Mann
0724732,Ralph Richardson
0002897,Ann Todd
0665902,Nigel Patrick
0000180,David Lean
0001333,Susan Hayward
0001983,Rory Calhoun
0915536,David Wayne
0485943,Walter Lang
0000075,Spencer Tracy
0000074,Gene Tierney
0004496,Van Johnson
0113284,Clarence Brown
0613120,Grant Munro
0480596,Jean Paul Ladouceur
0572235,Norman McLaren
4147806,Francoise Brun-Cottan
0116897,Arthur Q. Bryan
0360253,William Hanna
0053484,Joseph Barbera
0789313,Ben Sharpsteen
0651474,Jean Oser
0000060,Gregory Peck
0000030,Audrey Hepburn
0000734,Eddie Albert
0943758,William Wyler
0000042,Alan Ladd
0000795,Jean Arthur
0001336,Van Heflin
0058001,Gene Barry
0732378,Ann Robinson
0871876,Les Tremayne
0005738,Byron Haskin
0852279,Don Taylor
0695937,Otto Preminger
0000009,Richard Burton
0001739,Jean Simmons
0001514,Victor Mature
0000013,Doris Day
0572885,Allyn Ann McLerie
0124877,David Butler
0000051,James Mason
0916067,Clifton Webb
0001766,Barbara Stanwyck
0001822,Robert Wagner
0624535,Jean Negulesco
0002072,Mel Ferrer
0001922,Jean-Pierre Aumont
0910199,Charles Walters
0367928,Kazuo Hasegawa
0945299,Isao Yamagata
0455938,Teinosuke Kinugasa
0581062,Ethel Merman
0640307,Donald O&#x27;Connor
0893584,Vera-Ellen
0925804,Jon Whiteley
0935844,Vincent Winter
0180920,Adrienne Corri
0494885,Philip Leacock
0285319,Don Forbes
0902226,Theodore von Eltz
0000740,Irwin Allen
0969712,The Mellowmen Quartet
0635560,Loulie Jean Norman
1474628,Charlie Parlota
0453832,Ward Kimball
0629363,Charles Nichols
0175788,Hans Conried
0414746,Kjeld Jacobsen
0338004,Johnny Green
1759306,The MGM Symphony Orchestra
0001500,Karl Malden
0002011,Lee J. Cobb
0007225,Jane Powell
0724143,Jeff Richards
0002045,Stanley Donen
0510134,Paul Lukas
0281507,Richard Fleischer
0556399,Giulietta Masina
0000865,Richard Basehart
0000019,Federico Fellini
0001257,Ava Gardner
0639529,Edmond O&#x27;Brien
0000742,June Allyson
0604702,Harry Morgan
0542649,Anthony Mann
0872456,Claire Trevor
0206478,Laraine Day
0920074,William A. Wellman
0780833,George Seaton
0645422,Mariko Okada
0586733,Rentarô Mikuni
0408348,Hiroshi Inagaki
0733476,Mark Robson
0570192,Dorothy McGuire
0229424,Edward Dmytryk
0180263,Katharine Cornell
0445656,Helen Keller
0860607,Polly Thompson
0358071,Nancy Hamilton
0000755,Lindsay Anderson
0107622,Guy Brenton
0041136,Barry Atwater
7017180,Robert Sherry
0001904,Corey Allen
0761522,Denis Sanders
0000822,Jim Backus
0045737,Henny Backus
0369617,Jerry Hausner
0122319,Pete Burness
0934280,Ward Wilson
0534286,Gordon MacRae
0002108,Gloria Grahame
0625383,Gene Nelson
0000026,Cary Grant
0484829,Jessie Royce Landis
0000033,Alfred Hitchcock
0000020,Henry Fonda
0000010,James Cagney
0001635,William Powell
0503777,Mervyn LeRoy
0517597,Joshua Logan
0000015,James Dean
0557339,Raymond Massey
0364915,Julie Harris
0000308,Ernest Borgnine
0086198,Betsy Blair
0591034,Esther Minciotti
0542720,Delbert Mann
0001571,Kim Novak
0275897,Betty Field
0593192,Cameron Mitchell
0896533,Charles Vidor
0536167,Anna Magnani
0667542,Marisa Pavan
0428354,Jennifer Jones
0857147,Torin Thatcher
0454771,Henry King
0485871,Otto Lang
0002017,Richard Conte
0001229,Glenn Ford
0662223,Eleanor Parker
0000549,Roger Moore
0076779,Curtis Bernhardt
0000305,Mel Blanc
0292677,Stan Freberg
0293989,Friz Freleng
0467311,David Kossoff
0060023,Alfie Bass
1593196,Alf Dean
0002338,Jack Clayton
0616139,Anthony Muto
0000989,Yul Brynner
0001369,Rock Hudson
0207219,Brenda de Banzie
0000057,David Niven
0134594,Cantinflas
0192958,Finlay Currie
0027183,Michael Anderson
0268513,John Farrow
0001549,Rita Moreno
0232019,James Donald
0000002,Lauren Bacall
0821041,Robert Stack
0802862,Douglas Sirk
0000056,Paul Newman
0000765,Pier Angeli
0806041,Everett Sloane
0936404,Robert Wise
0000006,Ingrid Bergman
0371040,Helen Hayes
0514822,Anatole Litvak
0483740,Pascal Lamorisse
0483741,Sabine Lamorisse
0783399,Georges Sellier
0483738,Albert Lamorisse
0002369,John Williams
0703689,Richard Quine
2191324,Frédéric Dumas
0265923,Albert Falco
0184150,Jacques-Yves Cousteau
0001501,Louis Malle
0712935,Michel Ray
0398409,Rodolfo Hoyos Jr.
0194597,Elsa Cárdenas
0710924,Irving Rapper
0124889,Daws Butler
0413640,Jay Jackson
1396670,Donald Campbell
1392147,Leo Villa
0435180,Konstantin Kalser
1410987,Merrell Gage
2258981,Edward Freed
0370144,Jack Hawkins
0673749,François Périer
0555807,Franca Marzi
0000053,Robert Mitchum
0432007,Curd Jürgens
0373314,David Hedison
0694090,Dick Powell
0001544,Ricardo Montalban
0654433,Patricia Owens
0940946,Joanne Woodward
0425913,Nunnally Johnson
0336576,Dolores Gray
0310989,Mitzi Gaynor
0447608,Kay Kendall
0000069,Frank Sinatra
0002022,Jeanne Crain
0580565,Burgess Meredith
0777812,Albert Schweitzer
0384377,Jerome Hill
0020942,Rex Allen
4295245,Marvin Glenn
0322673,Warner Glenn
0487047,Larry Lansburgh
0832845,Louis Clyde Stoumen
0106387,Rossano Brazzi
0449734,John Kerr
0004647,Carroll Baker
0000028,Rita Hayworth
0002001,Maurice Chevalier
0431139,Louis Jourdan
0000348,Tony Curtis
0001627,Sidney Poitier
0930209,Cara Williams
0006452,Stanley Kramer
0004244,Jacques Tati
0957645,Jean-Pierre Zola
0785792,Adrienne Servantie
0643000,Simon Oakland
0898782,Virginia Vincent
0002131,Laurence Harvey
0797531,Simone Signoret
0780765,Heather Sears
0668626,Felipe Pazos
0068772,Harry Bellaver
0836328,John Sturges
0848560,Russ Tamblyn
0861185,June Thorburn
0000634,Peter Sellers
0657162,George Pal
0845729,Volmer Sørensen
0351842,Bert Haanstra
0000963,Stephen Boyd
0000054,Marilyn Monroe
0000493,Jack Lemmon
0709704,Tony Randall
0674012,Millie Perkins
0771584,Joseph Schildkraut
0578039,Breno Mello
0206026,Marpessa Dawn
0210695,Lourdes de Oliveira
0133424,Marcel Camus
0000064,Edward G. Robinson
0199268,Dorothy Dandridge
0002035,Sammy Davis Jr.
0541149,Rouben Mamoulian
0344850,Bernhard Grzimek
0353397,Holger Hagen
1797689,Hermann Rockmann
0399526,Mark Hubley
0399523,Ray Hubley
7548185,Louis Paul
11246591,Gilbert Hugues
0537621,Jean-Marie Maillols
0005895,Edmond Séchan
0000059,Laurence Olivier
0000040,Stanley Kubrick
0000511,Shirley MacLaine
0534045,Fred MacMurray
0000052,Marcello Mastroianni
0001179,Anita Ekberg
0000733,Anouk Aimée
0001792,Rod Taylor
0949241,Alan Young
0590796,Yvette Mimieux
0001693,Eva Marie Saint
0001539,Hayley Mills
0250724,Richard Egan
0842582,David Swift
0001884,Max von Sydow
0883517,Birgitta Valberg
0511458,Gunnel Lindblom
0000005,Ingmar Bergman
0000047,Sophia Loren
0000901,Jean-Paul Belmondo
0885203,Raf Vallone
0001120,Vittorio De Sica
0447913,Arthur Kennedy
0112218,Richard Brooks
0279472,Eddie Fisher
0580479,Melina Mercouri
0202088,Jules Dassin
0288344,Giorgos Foundas
0001958,Dirk Bogarde
0001010,Capucine
0656180,Geneviève Page
0001362,Bob Hope
0000840,Lucille Ball
0404046,Ruth Hussey
0291035,Melvin Frank
0002145,Trevor Howard
0001777,Dean Stockwell
0384908,Wendy Hiller
0002153,Jack Cardiff
0271929,George Fenneman
9038517,Nautical the Horse
0703069,Queen Elizabeth the Queen Mother
2571935,Antonia Scalari
0545567,Giulio Marchetti
0384342,James Hill
0048441,Ezra R. Baker
0205366,Robert P. Davis
0000577,George Peppard
0623658,Patricia Neal
0001175,Blake Edwards
0496746,J. Lee Thompson
0000081,Natalie Wood
0001995,George Chakiris
0000937,Richard Beymer
0730385,Jerome Robbins
0001276,Jackie Gleason
0001453,Piper Laurie
0744035,Robert Rossen
0000886,Warren Beatty
0385757,Pat Hingle
0027683,Harriet Andersson
0085038,Gunnar Björnstrand
0733598,Daniela Rocca
0762248,Stefania Sandrelli
0314584,Pietro Germi
0415214,Roger Jacquet
0180103,Anne Cornaly
13786879,Anker-Spang Larsen
0257992,Robert Enrico
0904370,Dusan Vukotic
0217523,Gerard Delloye
5658547,Tony Saulnier
2638240,Herve de Maigret
0301422,Pierre-Dominique Gaisseau
0606593,Howard Morris
1089489,Seth Deitch
1091976,Marie Deitch
0215126,Gene Deitch
0398096,Jack Howells
0916131,Jack Webb
0175909,Bob Considine
0080825,Frank P. Bibas
1535314,Bryden Murdoch
0447611,Kenneth Kendall
0364772,Hilary Harris
0000564,Peter O&#x27;Toole
0576345,John Megna
0653942,Frank Overton
0612322,Robert Mulligan
0368871,Henry Hathaway
0550892,George Marshall
0752813,Robert Ryan
0002175,Ken Annakin
0652631,Gerd Oswald
0001076,Joan Crawford
0120658,Victor Buono
0000736,Robert Aldrich
0696481,Robert Preston
0429250,Shirley Jones
0004983,Buddy Hackett
0196536,Morton DaCosta
0000843,Anne Bancroft
0001157,Patty Duke
0430460,Victor Jory
0671957,Arthur Penn
0001665,Lee Remick
0001948,Charles Bickford
0656183,Geraldine Page
0004309,Shirley Knight
0473228,Hardy Krüger
0183671,Nicole Courcel
0333143,Patricia Gozzi
0099984,Serge Bourguignon
0003337,Karlheinz Böhm
0505610,Henry Levin
0000017,Marlene Dietrich
0386944,Adolf Hitler
2169358,Georges Loriot
0952659,Nono Zammit
0296996,Lucien Frégis
0140643,Jean-Claude Carrière
0959916,Pierre Étaix
0318926,Dizzy Gillespie
0558636,George Mathews
0001322,Rex Harrison
0000926,Milton Berle
0001012,Claudia Cardinale
0002048,Melvyn Douglas
0728688,Martin Ritt
0414279,Lou Jacobi
0001215,Albert Finney
0948772,Susannah York
0222627,George Devine
0724798,Tony Richardson
0803785,Lilia Skala
0542858,Lisa Mann
0625680,Ralph Nelson
0321294,Aldo Giuffrè
0002190,Anthony Asquith
0316071,Stathis Giallelis
0938231,Frank Wolff
0438833,Elena Karam
0424318,Glynis Johns
0749476,Charles Ruggles
0000316,Mel Brooks
0684719,Ernest Pintoff
0296560,Robert Frost
0448123,John F. Kennedy
0418905,Randall Jarrell
0164999,Shirley Clarke
0547462,Jacques Marin
1028301,Viviane Bourdonneux
0785682,Martin Serre
0001945,Claude Berri
1744391,Marc Chagall
0202405,Claude Dauphin
0001637,Vincent Price
0893403,Lauro Venturi
0000267,Julie Andrews
0001813,Dick Van Dyke
0866835,David Tomlinson
0829038,Robert Stevenson
0000125,Sean Connery
0002085,Gert Fröbe
0000303,Honor Blackman
0357891,Guy Hamilton
0000869,Alan Bates
0660327,Irene Papas
0128050,Michael Cacoyannis
0000024,John Gielgud
0322706,Peter Glenville
0001811,Peter Ustinov
0001703,Maximilian Schell
0001174,Barbara Eden
0640023,Arthur O&#x27;Connell
0695462,Hawley Pratt
17146658,André Folco
13566243,Pierre Guilbert
13566247,Raymond Kientzy
0276341,Robert Fields
0352413,Alexander Hammid
0860136,Francis Thompson
0142829,Pau Casals
0836375,Larry Sturhahn
0001626,Christopher Plummer
0001725,Omar Sharif
0001046,Julie Christie
0001036,Geraldine Chaplin
0000805,Claudine Auger
0148041,Adolfo Celi
0950109,Terence Young
0767567,Lyudmila Saveleva
0863146,Vyacheslav Tikhonov
0094083,Sergey Bondarchuk
0000404,Jane Fonda
0001511,Lee Marvin
0130286,Michael Callan
0799033,Elliot Silverstein
0772259,John Schlesinger
0366946,Elizabeth Hartman
0337885,Guy Green
0436706,Ida Kaminska
0472166,Jozef Kroner
0958903,Frantisek Zvarík
0434443,Ján Kadár
0460033,Elmar Klos
0001673,Jason Robards
0364455,Barbara Harris
0000842,Martin Balsam
0168641,Fred Coe
0005062,Chuck Jones
0633637,Maurice Noble
0533831,Archibald Macleish
0786215,Eric Sevareid
2742509,Corinne Alsop Cole
0438356,Richard Kaplan
2398677,Jefferson Thomas
2105787,Ernest Green
2401441,Thelma Mothershed
0346549,Charles Guggenheim
1558246,Peter Scott
0137011,Patrick Carey
0852624,John Taylor
0004462,Jean-Louis Trintignant
0056435,Pierre Barouh
0500988,Claude Lelouch
0001719,George Segal
0001566,Mike Nichols
0006890,Paul Scofield
0001727,Robert Shaw
0000527,Walter Matthau
0723707,Ron Rich
0039629,Michael Aspel
0334249,Peter Graham
3907417,Dave Baldwin
0914386,Peter Watkins
0609216,Zero Mostel
0799014,Phil Silvers
0000036,Buster Keaton
0504513,Richard Lester
0001258,James Garner
0598971,Yves Montand
0001239,John Frankenheimer
0000079,Raquel Welch
0571441,Virginia McKenna
0871272,Bill Travers
0444584,Geoffrey Keen
0569710,Tom McGowan
0623948,Václav Neckár
0814162,Josef Somr
0111003,Vlastimil Brodský
0579954,Jirí Menzel
0506396,Edmond Levy
0000163,Dustin Hoffman
0001684,Katharine Ross
0000314,Charles Bronson
0001159,Faye Dunaway
0689488,Michael J. Pollard
0001421,George Kennedy
0001510,Strother Martin
0742341,Stuart Rosenberg
0001768,Rod Steiger
0643105,Warren Oates
0422484,Norman Jewison
0000698,Gene Wilder
0790071,Dick Shawn
0001321,Richard Harris
0000603,Vanessa Redgrave
0626259,Franco Nero
0289038,James Fox
0001546,Mary Tyler Moore
0001351,George Roy Hill
0002058,Samantha Eggar
0627969,Anthony Newley
8714300,Joseph B. Anderson
0926183,Stuart Whitman
0006954,Pierre Schoendoerffer
0152326,Christopher Chapman
0937747,Fred Wolf
7403185,Kieth Griggs
0877937,William Turner
0339401,Trevor Greenwood
0001158,Keir Dullea
0516972,Gary Lockwood
0843213,William Sylvester
0001201,Mia Farrow
0001023,John Cassavetes
0002106,Ruth Gordon
0000591,Roman Polanski
0001522,Roddy McDowall
0769874,Franklin J. Schaffner
0000537,Steve McQueen
0000302,Jacqueline Bisset
0001816,Robert Vaughn
0946811,Peter Yates
0926013,Leonard Whiting
0001377,Olivia Hussey
0568491,John McEnery
0001874,Franco Zeffirelli
0504492,Mark Lester
0600531,Ron Moody
0908861,Shani Wallis
0715346,Carol Reed
0000164,Anthony Hopkins
0367431,Anthony Harvey
0121826,Paul Burke
0000659,Barbra Streisand
0575552,Kay Medford
0731772,Cliff Robertson
0001982,Sebastian Cabot
0001359,Sterling Holloway
0275835,John Fiedler
0718627,Wolfgang Reitherman
0016776,Jack Albertson
0000640,Martin Sheen
0343260,Ulu Grosbard
4291653,Paul Saltman
0000866,Saul Bass
0448305,Robert F. Kennedy
0000685,Jon Voight
0587249,Sylvia Miles
0000602,Robert Redford
0200981,Kim Darby
0004794,Glen Campbell
0001657,Oliver Reed
0413559,Glenda Jackson
0001692,Ken Russell
0186903,Michael Crawford
0765546,Michael Sarrazin
0001628,Sydney Pollack
0002020,Costa-Gavras
0000443,Goldie Hawn
0757256,Gene Saks
0001749,Maggie Smith
0413561,Gordon Jackson
0827137,Robert Stephens
0623768,Ronald Neame
0000991,Geneviève Bujold
0418986,Charles Jarrott
0001077,Richard Crenna
0418148,David Janssen
0125651,Ruth Buzzi
0048147,Richard Bakalyan
0256223,John Emerson
0748256,Artur Rubinstein
1224076,Eliahu Inbal
1330725,Paul Kletzki
0665964,Gérard Patris
0717025,François Reichenbach
0108348,Leonid Brezhnev
0150196,Neville Chamberlain
0239213,Alexander Dubcek
0294354,Robert M. Fresco
6169903,Carl Rogers
6169902,Richard Farson
15157086,Jerry
0569006,Bill McGaw
1595439,Robert Gilbert
0193267,Bob Curtis
0000661,Donald Sutherland
0001285,Elliott Gould
0000643,Tom Skerritt
0000265,Robert Altman
0001509,Dean Martin
0001715,George C. Scott
0950079,Stephen Young
0532298,Ali MacGraw
0641939,Ryan O&#x27;Neal
0549134,John Marley
0002137,Arthur Hiller
0945522,Sô Yamamura
0297935,Kinji Fukasaku
0557927,Toshio Masuda
0590055,John Mills
0400731,Ken Hughes
0001926,Joan Baez
0369784,Richie Havens
0002032,Roger Daltrey
0905579,Michael Wadleigh
0006168,John Lennon
0005200,Paul McCartney
0365600,George Harrison
0512327,Michael Lindsay-Hogg
0002231,Gian Maria Volontè
0093030,Florinda Bolkan
0764369,Gianni Santuccio
0677880,Elio Petri
0761212,Dominique Sanda
0135320,Lino Capolicchio
0000918,Helmut Berger
0949574,Gig Young
0037735,Bea Arthur
0000889,Bonnie Bedelia
0397220,Cy Howard
0186844,Johnny Crawford
0363524,Kristin Harmon
0737992,James R. Rokos
0000080,Orson Welles
0354888,Diana Hale
0592767,Lee Mishkin
0867694,Topol
0186408,Norma Crane
0294600,Leonard Frey
0000432,Gene Hackman
0001702,Roy Scheider
0721073,Fernando Rey
0001243,William Friedkin
0000961,Timothy Bottoms
0000313,Jeff Bridges
0001732,Cybill Shepherd
0000953,Peter Bogdanovich
0162541,Charles Cioffi
0001587,Alan J. Pakula
0001450,Angela Lansbury
0745780,Richard Roundtree
0348214,Moses Gunn
0662953,Gordon Parks
0642198,Jennifer O&#x27;Neill
0342201,Gary Grimes
0396749,Jerry Houser
0419785,Michael Jayston
0840531,Janet Suzman
0633661,Roderic Noble
0001671,Diana Rigg
0400464,Barnard Hughes
0696303,Lawrence Pressman
0141543,Conlan Carter
0574534,Ian McShane
0338396,Walon Green
0818527,Ed Spiegel
0799237,Alastair Sim
0714878,Michael Redgrave
0371156,Melvyn Hayes
0931530,Richard Williams
2426072,Richard Hammer
0834334,Joseph Strick
0025374,Robert Amram
0561752,Len Maxwell
0677726,Ted Petok
0000199,Al Pacino
0001001,James Caan
0000338,Francis Ford Coppola
0591485,Liza Minnelli
0001868,Michael York
0340926,Helmut Griem
0002080,Bob Fosse
0001967,Peter Boyle
0006916,Michael Ritchie
0786891,Delphine Seyrig
0291289,Paul Frankeur
0000320,Luis Buñuel
0880521,Liv Ullmann
0843306,Kari Sylwan
0566680,Alec McCowen
0001283,Louis Gossett Jr.
0001902,Edward Albert
0373012,Eileen Heckart
0441501,Milton Katselas
13557317,Agnes Benjamin
0331374,Marjoe Gortner
13557316,Vernon Gortner
0449576,Sarah Kernochan
0808474,Howard Smith
0401101,Charles Huguenot van der Linden
0734347,Norman Rockwell
0221988,Robert Deubel
0000995,Ellen Burstyn
0000304,Linda Blair
0001575,Tatum O&#x27;Neal
0001404,Madeline Kahn
0226947,Bradford Dillman
0637649,Magali Noël
0953025,Bruno Zanin
0535991,Pupella Maggio
0529543,Jean-Pierre Léaud
0000076,François Truffaut
0905993,Lindsay Wagner
0002144,John Houseman
0108745,James Bridges
0318527,Jack Gilford
0374348,Laurie Heineman
0000814,John G. Avildsen
0000649,Paul Sorvino
0576590,Zubin Mehta
14463678,Merrit Buxbaum
14463674,Robert Dival
0275180,William Fertik
5850281,Allan Miller
0610006,Frank Mouris
0610005,Caroline Mouris
0000134,Robert De Niro
0000380,Robert Duvall
0000197,Jack Nicholson
0347086,John Guillermin
0001486,Sidney Lumet
0001136,Bruce Dern
0001434,Kris Kristofferson
0070592,Mia Bendixsen
0000217,Martin Scorsese
8844279,Tin Chan
8844280,Chau Diem
0628924,Ngo Dinh Diem
0205282,Peter Davis
0138770,Art Carney
0258089,René Enríquez
0005196,Paul Mazursky
2539992,Todd Oleson
3656107,Holly Johnson
0306735,Bob Gardiner
0899139,Will Vinton
0536750,Larry Mahan
0528555,Phil Lyne
0566948,Joel McCrea
0581303,Kieth Merrill
0699510,Paul Préboist
0545054,Marie Marc
0152820,Lyne Chardonnet
0503778,Michel Leroy
7145464,William G. Bowen
7145461,Edward Cone
7145460,Aaron Lemonick
0469313,Julian Krainin
0756040,DeWitt Sage
0000377,Richard Dreyfuss
0000229,Steven Spielberg
0001221,Louise Fletcher
0077720,Michael Berryman
0001232,Milos Forman
0001943,Marisa Berenson
0535861,Patrick Magee
0001030,John Cazale
0020897,Penelope Allen
0001018,Keith Carradine
0000947,Karen Black
0086867,Ronee Blakley
0000797,Hal Ashby
0613364,Maksim Munzuk
0813272,Yuriy Solomin
0125730,Mikhail Bychkov
0040472,William Atherton
0122675,George Burns
0000907,Richard Benjamin
0006889,Herbert Ross
1098598,Bob McKeown
1763576,Mark Kelley
0532878,Linden MacIntyre
0594265,Yûichirô Miura
12668021,Shintaro Ishihara
12668022,Taisuke Fujishima
0187008,F.R. Crawley
0638928,Bruce Nyznik
0499651,Robin Lehman
0001972,Richard Briers
0288714,Harry Fowler
0600924,Barbara Moore
0323962,Bob Godfrey
0000230,Sylvester Stallone
0001735,Talia Shire
0949350,Burt Young
0002075,Peter Finch
0000256,Jenny Agutter
0430151,Richard Jordan
0912001,Jack Warden
0827032,Harvey Stephens
0001149,Richard Donner
0001301,Charles Grodin
0001448,Jessica Lange
0000997,Gary Busey
0682757,Frank Pierson
0001016,David Carradine
0001074,Ronny Cox
0227039,Melinda Dillon
0042106,Tina Aumont
0114978,Cicely Browne
0507378,John L. Lewis
2472080,Carl Horn
3098949,Norman Yarborough
0465932,Barbara Kopple
0138405,Jean Carmet
0240638,Jacques Dufilho
0746164,Catherine Rouvel
0000269,Jean-Jacques Annaud
0684095,Dadi Pinero
0410023,Gloria Irizarry
0759563,Bert Salzman
0033623,Alexander Archdale
1347157,Bruce Petty
2472581,Harry Asimow
0616628,Barbara Myerhoff
0003313,Lynne Littman
0001217,Fionnula Flanagan
0483871,Peter Lampert
0030800,Keith Anthoni
0349722,Andre R. Guttfreund
0921464,Peter Werner
0000434,Mark Hamill
0000148,Harrison Ford
0000402,Carrie Fisher
0000184,George Lucas
0000414,Teri Garr
0000095,Woody Allen
0000473,Diane Keaton
0731634,Tony Roberts
0556850,Marsha Mason
0191944,Quinn Cummings
0137230,Len Cariou
0697660,Harold Prince
0060634,Michal Bat-Adam
1594252,Samy Ben-Youb
0594624,Moshé Mizrahi
0174883,Didi Conn
0798718,Joe Silver
0953651,Michael Zaslow
0112072,Joseph Brooks
2861819,Kim Atwood
2773826,Marty Atwood
2773813,Mike Atwood
0466793,John Korty
0388394,Co Hoedeman
15642782,Nadia De Franco
0787291,Beverly Shaffer
2784537,Mark Hicks
0836465,Jan Stussy
0003385,John C. Joseph
0000686,Christopher Walken
0001047,Michael Cimino
0001659,Christopher Reeve
0452288,Margot Kidder
0001113,Brad Davis
0591968,Irene Miracle
0005019,Bo Hopkins
0000570,Alan Parker
0531546,Simon MacCorkindale
0000152,Richard Gere
0000724,Brooke Adams
0001731,Sam Shepard
0000517,Terrence Malick
0377750,Buck Henry
0835144,Don Stroud
0001747,Charles Martin Smith
0711114,Steve Rash
0000257,Alan Alda
0838595,Donna Summer
0485142,Valerie Landsburg
0638079,Terri Nunn
0458228,Robert Klane
0000367,Gérard Depardieu
0491021,Carole Laure
0223033,Patrick Dewaere
0088397,Bertrand Blier
0000393,Peter Falk
10113906,Mickie Cold
0188757,Doug Cronin
0788461,Arnold Shapiro
0059169,Jeannie Dimter Barton
2177087,Susan Cronkite
0189476,Suzanne Crough
0000431,Taylor Hackford
2195914,Bryan Allen
2193476,Paul B. MacCready
2790402,Tyler MacCready
0790536,Ben Shedd
0000244,Sigourney Weaver
0000457,John Hurt
0000631,Ridley Scott
0000908,David Bennent
0000728,Mario Adorf
0935190,Angela Winkler
0772522,Volker Schlöndorff
0718237,Ann Reinking
0000658,Meryl Streep
0000737,Jane Alexander
0000914,Robert Benton
0160550,Dennis Christopher
0000598,Dennis Quaid
0827663,Daniel Stern
0719738,Kelly Reno
0001682,Mickey Rooney
0050597,Carroll Ballard
0000398,Sally Field
0000977,Beau Bridges
0500038,Ron Leibman
0000176,Nastassja Kinski
0278752,Peter Firth
0493271,Leigh Lawson
0000178,Diane Lane
0076400,Thelonious Bernard
0937390,Ira Wohl
0937398,Philip Wohl
0827716,Isaac Stern
0326698,David Golub
7077913,Delun Li
0503635,Murray Lerner
0137060,Bernard Carez
0184848,Sophie Cowling
0689540,Raymond Pollender
0270187,Eugene Fedorenko
0761829,Sandy Sanderson
0545391,Jean Marchand
0531323,Eunice Macaulay
0919732,John Weldon
0732079,Paul Robeson
0916959,Margaret Webster
0877020,Saul J. Turell
0449984,Irvin Kershner
0001550,Cathy Moriarty
0000582,Joe Pesci
0002139,Judd Hirsch
0058532,Eddie Barth
0001011,Irene Cara
0001087,Lee Curreri
0000651,Sissy Spacek
0000169,Tommy Lee Jones
0375629,Levon Helm
0000776,Michael Apted
0018079,Vera Alentova
0060692,Aleksey Batalov
0613655,Irina Muravyova
0579828,Vladimir Menshov
0494432,Paul Le Mat
0156187,Elizabeth Cheshire
0001129,Jonathan Demme
0736537,Ferenc Rofusz
0045610,Frédéric Back
1130927,Richard Goss
1129856,Laura Jean Ellis
0026035,Luana Anders
0255070,Ron Ellis
0381494,Karl Hess
0122745,Kevin Burns
0326400,Barry Goldwater
0356806,Roland Hallé
0480627,Peter W. Ladue
0000261,Karen Allen
0293550,Paul Freeman
0622544,David Naughton
0067643,Joe Belcher
0000484,John Landis
0569239,Everett McGill
0000579,Ron Perlman
0252832,Nicholas Kadi
0002027,Ben Cross
0153182,Ian Charleson
0268297,Nicholas Farrell
0399853,Hugh Hudson
0041932,Mark Rydell
0001545,Dudley Moore
0330619,Steve Gordon
0001346,Edward Herrmann
0001970,Klaus Maria Brandauer
0126569,Ildikó Bánsági
0417370,Krystyna Janda
0843640,István Szabó
0752960,Zbigniew Rybczynski
0231120,Patrick Dollaghan
0766697,Rodney Saulsberry
0506099,Shelley Levinson
0882048,Robert Urquhart
0298504,Rikki Fulton
0573893,Jonathan McNeil
0002337,Roger Christian
1044245,Amy Israel
0633649,Nigel Noble
0001794,Henry Thomas
0000106,Drew Barrymore
0001075,Peter Coyote
0000700,Debra Winger
0001418,David Keith
0001426,Ben Kingsley
0368990,Rohini Hattangadi
0000277,Richard Attenborough
0000177,Kevin Kline
0001493,Peter MacNicol
0349776,Bertil Guve
0021655,Pernilla Allwin
0012358,Kristina Adolphson
0000154,Mel Gibson
0001373,Linda Hunt
0001837,Peter Weir
0563039,Melanie Mayron
0927622,Simon Wiesenthal
0777510,Arnold Schwartzman
0273888,Antonio Ferrandis
0664661,Encarna Paso
0126960,José Bódalo
0305054,José Luis Garci
0000391,Rupert Everett
0780485,Jenny Seagrove
0382799,Barbara Hicks
0779270,James Scott
0129635,Helen Caldicott
0124220,Vannevar Bush
0161476,Winston Churchill
0621815,Terre Nash
0549658,Richard Marquand
0000985,James L. Brooks
0000884,Jennifer Beals
0636694,Michael Nouri
0001490,Adrian Lyne
0001277,Scott Glenn
0000438,Ed Harris
0442241,Philip Kaufman
0002128,Tess Harper
0000990,Betty Buckley
0000915,Bruce Beresford
0001388,Amy Irving
0001597,Mandy Patinkin
0195073,Jacques d&#x27;Amboise
0172423,Judy Collins
0001915,Emile Ardolino
1422712,Scott Record
0681804,Jimmy Picker
2272881,Susana Robledo
2265968,Antonio Robledo
0102483,Rita Bozi
0778993,Cynthia Scott
0001227,Megan Follows
0288944,David Fox
0183504,Clare Coulter
0564260,Don McBrearty
0001009,Kate Capshaw
0702841,Ke Huy Quan
0000719,F. Murray Abraham
0001371,Tom Hulce
0000931,Elizabeth Berridge
0001832,Sam Waterston
0628955,Haing S. Ngor
0000518,John Malkovich
0423646,Roland Joffé
0001080,Lindsay Crouse
0001456,Kelly LeBrock
0002239,Prince
0467664,Apollonia Kotero
0206528,Morris Day
0536299,Albert Magnoli
0001114,Judy Davis
0051856,Victor Banerjee
0001919,Peggy Ashcroft
0047490,Shane Bailey
0001213,Harvey Fierstein
0587548,Harvey Milk
0472151,Anne Kronenberg
0258531,Rob Epstein
0681566,Michel Piccoli
0033329,Alexandre Arbatt
0218252,Richard Dembo
0404702,Tonny Huurdeman
3992396,Annemieke Ring
3991145,Peter Ring
0096486,Børge Ring
0591516,John Minnis
2819489,Vincent Palumbo
2827399,Roger Morigi
0402552,Marjorie Hunt
0906041,Paul Wagner
0000150,Michael J. Fox
0000502,Christopher Lloyd
0000670,Lea Thompson
0000709,Robert Zemeckis
0619938,Tatsuya Nakadai
0855417,Akira Terao
0628704,Jinpachi Nezu
0000534,Kelly McGillis
0001305,Lukas Haas
0000333,Cher
0000655,Eric Stoltz
0000385,Sam Elliott
0000747,Don Ameche
0000979,Wilford Brimley
0002025,Hume Cronyn
0000165,Ron Howard
0000307,Helena Bonham Carter
0001186,Denholm Elliott
0412465,James Ivory
0000678,Kathleen Turner
0005162,Robert Loggia
0000864,Mikhail Baryshnikov
0002138,Gregory Hines
0804592,Jerzy Skolimowski
0000458,William Hurt
0000471,Raul Julia
0000968,Sonia Braga
0002199,Hector Babenco
0001903,Norma Aleandro
0022765,Héctor Alterio
0897693,Chunchuna Villafañe
0699933,Luis Puenzo
0001334,John Heard
0323344,Carlin Glynn
0557751,Peter Masterson
0789600,Artie Shaw
0078949,John Best
0145292,Lee Castle
0075731,Brigitte Berman
0756763,Buffy Sainte-Marie
0610927,Victoria Mudd
0049314,Lilly Balaban
0077825,Jessica Bertan
0087529,Travis Blank
0113819,Jeffrey D. Brown
0335519,Lee Grant
0267757,Jeff Farmer
0361201,Bob Hanson
0886952,Nicole Van Goethem
2831966,Charlie Clements
0633271,Richard Nixon
17227371,Terry Savery
0787304,Deborah Shaffer
4755967,Erick McWayne
1184603,Ed Cesar
0393914,Mike Hoover
0403174,Timothy Huntley
0000129,Tom Cruise
0000209,Tim Robbins
0001716,Tony Scott
0000299,Michael Biehn
0001343,Carrie Henn
0000116,James Cameron
0000221,Charlie Sheen
0000297,Tom Berenger
0000353,Willem Dafoe
0000231,Oliver Stone
0000156,Jeff Goldblum
0000133,Geena Davis
0315288,John Getz
0000343,David Cronenberg
0000460,Jeremy Irons
0564044,Ray McAnally
0001512,Mary Elizabeth Mastrantonio
0001848,Dianne Wiest
0000323,Michael Caine
0559144,Marlee Matlin
0354279,Randa Haines
0330143,Dexter Gordon
0167388,François Cluzet
0354593,Gabrielle Haker
0851724,Bertrand Tavernier
0513190,Derek de Lint
0879726,Marc van Uchelen
0892857,Monique van de Ven
0705444,Fons Rademakers
0941457,Chuck Workman
2831454,Jean Shinoda Bolen
2832094,Betty Bumpers
0893868,Vivienne Verdon-Roe
0000693,Peter Weller
0000262,Nancy Allen
0641397,Dan O&#x27;Herlihy
0000682,Paul Verhoeven
0000664,Patrick Swayze
0000426,Jennifer Grey
0001583,Jerry Orbach
0000126,Kevin Costner
0000361,Brian De Palma
0000115,Nicolas Cage
0001156,Olympia Dukakis
0000140,Michael Douglas
0876645,Tamara Tunie
0518821,John Lone
0001040,Joan Chen
0000934,Bernardo Bertolucci
0001475,John Lithgow
0486661,Margaret Langrick
0213100,William Dear
0001737,Martin Short
0000212,Meg Ryan
0001102,Joe Dante
0000804,Stéphane Audran
0458064,Bodil Kjer
0270147,Birgitte Federspiel
0002196,Gabriel Axel
0404817,Pelle Hvenegaard
0654994,Erik Paaske
0000806,Bille August
0634159,Philippe Noiret
0009854,John Achorn
0158678,Tim Choate
0195311,Joe D&#x27;Angerio
0330057,Bryan Gordon
2198139,Louis Gothelf
2186349,Reva Shwayder-Gothelf
0174904,Pamela Conn
0555680,Sue Marx
0004746,Tony Bennett
0000285,Alec Baldwin
0000474,Michael Keaton
0000318,Tim Burton
0000420,Valeria Golino
0001469,Barry Levinson
0134073,Enzo Cannavale
0041066,Antonella Attili
0868153,Giuseppe Tornatore
0001364,Bob Hoskins
0001026,Joanna Cassidy
0000531,Frances McDormand
0000335,Glenn Close
0000201,Michelle Pfeiffer
0001241,Stephen Frears
0000092,John Cleese
0000130,Jamie Lee Curtis
0000149,Jodie Foster
0183464,Bernie Coulson
0438279,Jonathan Kaplan
0000429,Melanie Griffith
0001410,Lawrence Kasdan
0001845,Forest Whitaker
0893204,Diane Venora
0954677,Michael Zelniker
0000142,Clint Eastwood
0001952,Rubén Blades
0103071,Richard Bradford
0005124,John Lasseter
0053597,Klaus Barbie
0487351,Claude Lanzmann
0649096,Marcel Ophüls
0942833,Steven Wright
0000100,Rowan Atkinson
0582418,Laurie Metcalf
0661751,Dean Parisot
1168981,Jason Gaes
2847673,Adam Gaes
2847396,Craig Gaes
0164885,Malcolm Clarke
0349702,Bill Guttentag
0233145,Alison Doody
0000245,Robin Williams
0000494,Robert Sean Leonard
0000160,Ethan Hawke
0000107,Kim Basinger
0072533,Jodi Benson
0942787,Samuel E. Wright
0041281,Rene Auberjonois
0166256,Ron Clements
0615780,John Musker
0000111,Matthew Broderick
0000243,Denzel Washington
0000144,Cary Elwes
0001880,Edward Zwick
0488267,Bryan Larkin
0000855,Raymond J. Barry
0000151,Morgan Freeman
0001788,Jessica Tandy
0000101,Dan Aykroyd
0000358,Daniel Day-Lewis
0002084,Brenda Fricker
0924009,Alison Whelan
0006487,Jim Sheridan
0000110,Kenneth Branagh
0001394,Derek Jacobi
0791871,Simon Shepherd
0781276,Julie Sedgewick
0661910,Nick Park
0506870,Sara Lewinstein
0541723,David Mandell
0541746,Suzi Mandell
0295243,Jeffrey Friedman
0490771,Christoph Lauenstein
0490773,Wolfgang Lauenstein
0088647,Scotty Bloch
0285568,Clebert Ford
0424574,Bernard Johnson
0203215,Adam Davidson
3399817,Elam Bender
3400101,Randy Bender
0377901,Lenny Henry
0114742,Susan Brown
0121755,Kathy Burke
0376835,James Hendrie
0000501,Ray Liotta
0000216,Arnold Schwarzenegger
0000232,Sharon Stone
0000461,Michael Ironside
0000870,Kathy Bates
0002070,Richard Farnsworth
0001661,Rob Reiner
0001521,Mary McDonnell
0001295,Graham Greene
0000193,Demi Moore
0000155,Whoopi Goldberg
0958387,Jerry Zucker
0001532,John McTiernan
0000187,Madonna
0798779,Ron Silver
0775447,Barbet Schroeder
0110507,Anne Brochet
0001641,Vincent Perez
0710919,Jean-Paul Rappeneau
14905883,Lewie Anderson
14905884,R.J. Bergstrom
14905885,Ron Bergstrom
0135199,Cathy Caplan
0359735,Thomas Haneke
0959891,Necmettin Çobanoglu
0845748,Nur Sürer
0803355,Emin Sivas
0002699,Xavier Koller
0000157,Linda Hamilton
0000411,Edward Furlong
0000215,Susan Sarandon
0000172,Harvey Keitel
0641314,Paige O&#x27;Hara
0000913,Robby Benson
0181425,Jesse Corti
0873779,Gary Trousdale
0936374,Kirk Wise
0000198,Gary Oldman
0117035,Adam Bryant
0000416,Terry Gilliam
0000345,Billy Crystal
0001588,Jack Palance
0881038,Ron Underwood
0000906,Annette Bening
0007746,Diego Abatantuono
0081702,Claudio Bigagli
0147794,Giuseppe Cederna
0759368,Gabriele Salvatores
1165301,Estelle Peck Ishigo
0640804,Lynn O&#x27;Donnell
1337088,Dorothy Stroup
0645574,Steven Okazaki
0013602,Ricardo Aguilar
0026687,Erich Anderson
0187540,Teresa Crespo Hartendorp
0935641,Seth Winston
0337319,Daniel Greaves
16592413,Doug Allen
16513543,Tom Bailie
16592402,Tom Carpenter
0153899,Debra Chasnoff
0429466,William S. Jones
0509921,Allie Light
0764770,Irving Saraf
0000673,Marisa Tomei
0001494,Ralph Macchio
0528718,Jonathan Lynn
0000213,Winona Ryder
0000563,Chris O&#x27;Donnell
0714310,James Rebhorn
0000976,Martin Brest
0000656,Madeleine Stowe
0575184,Russell Means
0000520,Michael Mann
0000246,Bruce Willis
0918334,Scott Weinger
0488306,Linda Larkin
0001729,Craig Sheffer
0000093,Brad Pitt
0001653,Stephen Rea
0001109,Jaye Davidson
0001403,Neil Jordan
0000668,Emma Thompson
0000366,Catherine Deneuve
0199006,Linh-Dan Pham
0912224,Régis Wargnier
0273178,Fernando Fernán Gómez
0764450,Jorge Sanz
0004851,Penélope Cruz
0874096,Fernando Trueba
0000548,Elizabeth Montgomery
0862198,Maxwell Thurman
0931462,Pete Williams
0872134,Barbara Trent
0722679,Daniel Rialet
0551791,Jacques Martial
0712204,Christian Rauth
0439748,Sam Karmann
1110568,Jean G. Poulot
0336049,Joan C. Gratz
1314510,Judy Gwazdauskas
0997002,Peter Gwazdauskas
0943458,Gerardine Wurzburg
0000553,Liam Neeson
0000146,Ralph Fiennes
0000554,Sam Neill
0000368,Laura Dern
0000112,Pierce Brosnan
0001060,Chris Columbus
0000688,Sela Ward
0001112,Andrew Davis
0000456,Holly Hunter
0001005,Jane Campion
0000158,Tom Hanks
0561809,Roberta Maxwell
0758608,Peter Sallis
0001290,Richard E. Grant
0504821,Crispin Letts
0832792,Ken Stott
0134922,Peter Capaldi
0357725,Andy Hamilton
0811345,Alison Snowden
0256960,Harry Enfield
0277599,David Fine
0596173,Senta Moira
0653678,Paul Outlaw
0580930,Stefan Merki
0200500,Pepe Danquart
0713371,Susan Raymond
2963310,Deanna Burney
10702382,Clary Jansson
0000237,John Travolta
0000235,Uma Thurman
0000168,Samuel L. Jackson
0000233,Quentin Tarantino
0000705,Robin Wright
0000641,Gary Sinise
0000469,James Earl Jones
0021249,Roger Allers
0591450,Rob Minkoff
0000206,Keanu Reeves
0000454,Dennis Hopper
0000113,Sandra Bullock
0000957,Jan de Bont
0001644,Aidan Quinn
0915989,Hugo Weaving
0001602,Guy Pearce
0000654,Terence Stamp
0254632,Stephan Elliott
0000136,Johnny Depp
0001445,Martin Landau
0000572,Sarah Jessica Parker
0873385,Massimo Troisi
0002029,Maria Grazia Cucinotta
0705535,Michael Radford
0000131,John Cusack
0000236,Jennifer Tilly
0001329,Nigel Hawthorne
0000545,Helen Mirren
0001291,Rupert Graves
0405336,Nicholas Hytner
0000959,Powers Boothe
0586482,Nikita Mikhalkov
0200848,Ingeborga Dapkunaite
0579823,Oleg Menshikov
0058294,Brett Barsky
0435071,Judy Kain
0515496,John Lizzi
0707475,Peggy Rajski
0510929,Maya Lin
0595131,Freida Lee Mock
0493822,Margaret Lazarus
0943337,Renner Wunderlich
4305750,Stacey Kabat
0000228,Kevin Spacey
0000321,Gabriel Byrne
0001590,Chazz Palminteri
0001741,Bryan Singer
0000521,Sophie Marceau
0001526,Patrick McGoohan
0000741,Tim Allen
0725543,Don Rickles
0000701,Kate Winslet
0281424,James Fleet
0000487,Ang Lee
0000200,Bill Paxton
0000102,Kevin Bacon
0000223,Elisabeth Shue
0001696,Julian Sands
0001214,Mike Figgis
0000288,Christian Bale
0300265,Mike Gabriel
0325196,Eric Goldberg
0000342,James Cromwell
0844294,Magda Szubanski
0004815,Christine Cavanaugh
0003088,Chris Noonan
0000576,Sean Penn
0698764,Robert Prosky
0000227,Mira Sorvino
0086322,Pamela Blair
0717176,Anne Reid
0000375,Robert Downey Jr.
0000667,David Thewlis
0001355,Michael Hoffman
0002168,Willeke van Ammelrooy
0213912,Jan Decleir
0887675,Veerle van Overloop
0331296,Marleen Gorris
13779449,Isa Baschwitz
0086282,Jon Blair
0919318,Gerda Weissmann Klein
1667189,Kurt Klein
0859354,Peter Thomas
0030794,Kary Antholis
0000732,Danny Aiello
0001441,Christine Lahti
0001802,Nancy Travis
0000226,Will Smith
0000597,Bill Pullman
0000386,Roland Emmerich
0000513,William H. Macy
0000114,Steve Buscemi
0001054,Joel Coen
0001053,Ethan Coen
0000421,Cuba Gooding Jr.
0000250,Renée Zellweger
0001081,Cameron Crowe
0000300,Juliette Binoche
0005237,Anthony Minghella
0000671,Billy Bob Thornton
0948267,Dwight Yoakam
0000687,J.T. Walsh
0000174,Val Kilmer
0929489,Tom Wilkinson
0394280,Stephen Hopkins
0000569,Gwyneth Paltrow
0181920,James Cosmo
0000627,Greta Scacchi
0569790,Douglas McGrath
0000552,Eddie Murphy
0000586,Jada Pinkett Smith
0000336,James Coburn
0001723,Tom Shadyac
0000596,Jonathan Pryce
0000104,Antonio Banderas
0001691,Geoffrey Rush
0000090,Armin Mueller-Stahl
0104051,Justin Braine
0382956,Scott Hicks
0000738,Muhammad Ali
0286040,George Foreman
0005091,Don King
0309382,Leon Gast
0006664,Zdenek Sverák
0149936,Andrey Khalimon
0755941,Libuse Safránková
0841232,Jan Sverák
0639694,Mark O&#x27;Brien
0245117,Elizabeth Duvall
1462489,Ian Berzon
0950506,Jessica Yu
0001564,Bebe Neuwirth
0450116,Brian Kerwin
0798816,Rhea Silver-Smith
0291205,David Frankel
0599946,Tyron Montgomery
0000138,Leonardo DiCaprio
0000708,Billy Zane
0000354,Matt Damon
0000255,Ben Affleck
0001814,Gus Van Sant
0000905,Roberto Benigni
0000971,Nicoletta Braschi
0134493,Giorgio Cantarini
0000400,Linda Fiorentino
0001756,Barry Sonnenfeld
0000128,Russell Crowe
0000436,Curtis Hanson
0000166,Helen Hunt
0001427,Greg Kinnear
0001015,Robert Carlyle
0004692,Mark Addy
0146341,Peter Cattaneo
0000560,Nick Nolte
0001707,Paul Schrader
0208798,Pavlik Jansen op de Haar
0404806,Fedja van Huêt
0226016,Mike van Diem
0677037,Bob Peterson
0684342,Jan Pinkava
0490552,Israel Lau
0787149,Livia Shacter
0365057,Mark Jonathan Harris
0159988,Barron Christian
0223123,Donna Dewey
0850875,Chris Tashima
0297986,Susan Fukuda
0313657,Diana Georger
0001744,Tom Sizemore
0152312,Brenda Chapman
9054338,Steve Hickner
0920425,Simon Wells
0001711,Annabella Sciorra
0911910,Vincent Ward
0001212,Joseph Fiennes
0006960,John Madden
0000949,Cate Blanchett
0318884,Liz Giles
0191358,Rod Culbertson
0001408,Shekhar Kapur
0005212,Ian McKellen
0000409,Brendan Fraser
0001655,Lynn Redgrave
0174374,Bill Condon
0147605,Carlo Cecchi
0081175,Jean-Luc Bideau
0464855,Christoph Koncz
0320660,François Girard
0059646,Bill Basch
0059651,Martin Basch
0103953,Randolph Braham
0002224,James Moll
0917188,Chris Wedge
0860947,Ulrich Thomsen
0819491,Jens Jørn Spottag
0554201,John Martinus
0421314,Anders Thomas Jensen
0826523,Helen Stenborg
0242973,Patricia Dunnock
0816375,Scott Sowers
0774294,Barbara Schock
0000401,Laurence Fishburne
0005251,Carrie-Anne Moss
0905154,Lana Wachowski
0905152,Lilly Wachowski
0000301,Thora Birch
0005222,Sam Mendes
0001401,Angelina Jolie
0245112,Clea DuVall
0003506,James Mangold
0000207,Christina Ricci
0001669,Miranda Richardson
0001282,Tony Goldwyn
0000378,Minnie Driver
0000306,Brian Blessed
0118333,Chris Buck
0510674,Kevin Lima
0005386,Cecilia Roth
0004650,Marisa Paredes
0679150,Candela Peña
0000264,Pedro Almodóvar
0005476,Hilary Swank
0001721,Chloë Sevigny
0765597,Peter Sarsgaard
0005303,Kimberly Peirce
0001497,Tobey Maguire
0000234,Charlize Theron
0002120,Lasse Hallström
0000980,Jim Broadbent
0179680,Allan Corduner
0002077,Dexter Fletcher
0005139,Mike Leigh
0819166,Ankie Spitzer
0309101,Jamal Al Gashey
0531817,Kevin Macdonald
0684521,Gordon Pinsent
0216594,Kevin Duhaney
0559444,Yôji Matsuda
0678154,Aleksandr Petrov
0402244,Paul Hungerford
1122625,Dan Keplinger
0169804,Susan Hannah Hadary
0925659,William A. Whiteford
0090431,Gloria Bobrofsky
0129516,Abram Calderon
0251342,Deborah Ehrlich
0406503,Keiko Ibi
0001618,Joaquin Phoenix
0001567,Connie Nielsen
0001082,Billy Crudup
0297578,Patrick Fugit
0005028,Kate Hudson
0000210,Julia Roberts
0109773,David Brisbin
0001752,Steven Soderbergh
0001125,Benicio Del Toro
0001876,Catherine Zeta-Jones
0000334,Chow Yun-Fat
0000706,Michelle Yeoh
0955471,Ziyi Zhang
0000120,Jim Carrey
0597410,Taylor Momsen
3679189,Kelley
0000190,Matthew McConaughey
0609236,Jonathan Mostow
0001315,Marcia Gay Harden
0461446,Robert Knott
0250995,Ralph Eggleston
8041843,James Laufer
0240196,Michael Dudok de Wit
0001132,Judi Dench
1049634,Lory Cahn
0297161,Kurt Fuchel
14339077,Walter Dee
1060676,Viola Dees
0785033,Tracy Seretean
0673480,Emilio Perez
0671526,Luis Fernando Peña
2177894,Chaco
0302780,Florian Gallenberger
0000704,Elijah Wood
0089217,Orlando Bloom
0001392,Peter Jackson
0153738,Daveigh Chase
0687189,Suzanne Pleshette
0997115,Miyu Irino
0594503,Hayao Miyazaki
0001326,Josh Hartnett
0000191,Ewan McGregor
0000124,Jennifer Connelly
0000196,Mike Myers
0000139,Cameron Diaz
0011470,Andrew Adamson
0421776,Vicky Jenson
0298807,Antoine Fuqua
0000422,John Goodman
0316701,Mary Gibbs
0230032,Pete Docter
0798899,David Silverman
0881279,Lee Unkrich
0000173,Nicole Kidman
0000491,John Leguizamo
0525303,Baz Luhrmann
0000295,Kate Beckinsale
0000881,Michael Bay
0000202,Ryan Phillippe
0002091,Michael Gambon
0000932,Halle Berry
0801231,Taylor Simpson
0286975,Marc Forster
0571964,Ray McKinnon
0324658,Walton Goggins
0454674,Eddie King
0229301,Branko Djuric
0084484,Rene Bitorajac
0816297,Filip Sovagovic
0849786,Danis Tanovic
0264236,Richard Eyre
0477810,Juliane Köhler
0632457,Merab Ninidze
0352278,Matthias Habich
0512862,Caroline Link
4984604,Ann Finnell
4983921,Patrick McGuinness
4984168,James Williams
0994355,Jean-Xavier de Lestrade
0004778,Adrien Brody
0470981,Thomas Kretschmann
0277975,Frank Finlay
0001557,Viggo Mortensen
0004896,Eminem
0005261,Brittany Murphy
0388382,Tyler Hoechlin
0551128,Rob Marshall
0000161,Salma Hayek
0000547,Alfred Molina
0853380,Julie Taymor
0000194,Julianne Moore
0197636,Stephen Daldry
0177933,Chris Cooper
0005069,Spike Jonze
0282936,Rosario Flores
0194572,Javier Cámara
0334882,Darío Grandinetti
0601619,Michael Moore
0001504,Marilyn Manson
1243271,Brad Simonsen
1342644,Mortonette Jenkins
0938787,Jeff Wolverton
0035697,Eric Armstrong
0117937,Martin Buch
0070571,Camilla Bendix
0451753,Farshad Kholghi
1015687,Martin Strange-Hansen
1070455,S.K. Thoth
13557342,Robert Janoff
7947152,Elayne Jones
0000983,Albert Brooks
0001122,Ellen DeGeneres
1071252,Alexander Gould
0004056,Andrew Stanton
0000195,Bill Murray
0424060,Scarlett Johansson
0000610,Giovanni Ribisi
0001068,Sofia Coppola
0000179,Jude Law
0079273,Paul Bettany
0101710,Billy Boyd
0420941,Patty Jenkins
0573726,Robert McNamara
0004242,Fidel Castro
0001554,Errol Morris
0320721,Rémy Girard
0077715,Dorothée Berryman
1234157,Stéphane Rousseau
0000780,Denys Arcand
0436371,Kamahl
0281313,John Flaus
0254178,Adam Elliot
1461267,Natalie Press
0245705,Danny Dyer
1501724,Jodie Mitchell
0036349,Andrea Arnold
1101682,Jonathan Furr
1101359,Ben Allison
0773689,Aaron Schneider
2242768,Tommy Buda
0691888,Robert David Port
1788967,William Novick
1736739,Adi Roche
1463062,Maryann DeLeo
0327273,Michel Gondry
0005266,Craig T. Nelson
0083348,Brad Bird
0000379,Kirsten Dunst
0000600,Sam Raimi
0000332,Don Cheadle
0628601,Thandiwe Newton
0353673,Paul Haggis
0316079,Paul Giamatti
0002006,Thomas Haden Church
0000515,Virginia Madsen
0668247,Alexander Payne
0797869,Brad Silberling
0004937,Jamie Foxx
0005093,Regina King
0913488,Kerry Washington
0305558,Gael García Bernal
0209404,Rodrigo de la Serna
0535502,Mía Maestro
0758574,Walter Salles
0000849,Javier Bardem
0749104,Belén Rueda
0240318,Lola Dueñas
0024622,Alejandro Amenábar
0322407,Brendan Gleeson
0175860,Rúaidhrí Conroy
0932837,David Wilmot
1732981,Martin McDonagh
2100653,Kochi
2099087,Avijit Halder
2092248,Shanti Das
1498640,Zana Briski
1502104,Ross Kauffman
0488321,Ryan Larkin
0484996,Chris Landreth
1689735,Felicity Fanjoy
1847023,Dominiqua Alexis
1066970,Rico E. Anderson
1966683,Josh Evans
0396884,Robert Houston
0350453,Jake Gyllenhaal
0005132,Heath Ledger
0931329,Michelle Williams
0842770,Tilda Swinton
1670137,Georgie Henley
0608440,William Moseley
0915208,Naomi Watts
0085312,Jack Black
0913822,Ken Watanabe
0000702,Reese Witherspoon
0329481,Ginnifer Goodwin
0001838,Rachel Weisz
0396812,Danny Huston
0576987,Fernando Meirelles
0101508,Steve Box
0000450,Philip Seymour Hoffman
0004286,Clifton Collins Jr.
0001416,Catherine Keener
0587955,Bennett Miller
0000123,George Clooney
0001605,Amanda Peet
0300866,Stephen Gaghan
0005024,Terrence Howard
0524839,Ludacris
0026364,Anthony Anderson
0108132,Craig Brewer
0001960,Romane Bohringer
0075650,Charles Berling
0415207,Luc Jacquet
1970113,Presley Chweneyagae
1708171,Mothusi Magano
1987447,Israel Matseke-Zulu
0004303,Gavin Hood
1797112,Ben Newmark
1715275,Noureen DeWulf
0849578,A.J. Tannen
1847738,Ari Sandel
0181658,Norman Corwin
0004847,Walter Cronkite
0800787,Eric Simonson
0908919,Eli Wallach
0001806,John Turturro
1044905,Mary Bringle
0133866,John Canemaker
1419440,Ivana Baquero
0317725,Ariadna Gil
0530365,Sergi López
0868219,Guillermo del Toro
0618057,Ulrich Mühe
0311476,Martina Gedeck
0462407,Sebastian Koch
0003697,Florian Henckel von Donnersmarck
0136797,Steve Carell
0001057,Toni Collette
0206760,Jonathan Dayton
0267512,Valerie Faris
0461136,Keira Knightley
0893659,Gore Verbinski
0005403,Jason Schwartzman
0001800,Rip Torn
0327944,Alejandro G. Iñárritu
0564215,James McAvoy
0000096,Gillian Anderson
0413168,Hugh Jackman
0004306,George Miller
0171253,Warren Coleman
0606688,Judy Morris
0632497,Kazunari Ninomiya
0407296,Tsuyoshi Ihara
0360598,Glen Hansard
2461627,Markéta Irglová
2008013,Hugh Walsh
0138809,John Carney
0790688,Michael Sheen
0461498,Beyoncé
0330722,Al Gore
0921942,Billy West
0124132,George Bush
0346550,Davis Guggenheim
0994585,Suzie Templeton
0468380,Torill Kove
2304699,Matteo Razzouki-Safardi
0689562,Philippe Pollet-Villard
0605196,Richard Morgiève
8049049,Huang Children
8049047,Gao Jun
8049048,Nan Nan
0002548,Ruby Yang
0000982,Josh Brolin
0000950,Brenda Blethyn
0942504,Joe Wright
0200452,Paul Dano
0001354,Ciarán Hinds
0000759,Paul Thomas Anderson
0004951,Brad Garrett
0738918,Lou Romano
0652663,Patton Oswalt
0680983,Elliot Page
0148418,Michael Cera
0004950,Jennifer Garner
0718646,Jason Reitman
0006904,Tony Gilroy
0000614,Alan Rickman
1183149,Edgar Ramírez
0000260,Joan Allen
0339030,Paul Greengrass
0185819,Daniel Craig
2301950,Dakota Blue Richards
0919363,Chris Weitz
0654110,Clive Owen
0182839,Marion Cotillard
0856500,Sylvie Testud
0339621,Pascal Greggory
0196860,Olivier Dahan
0548686,Karl Markovics
0225944,August Diehl
0834479,Devid Striesow
0752328,Stefan Ruzowitzky
0316795,Alex Gibney
1965007,Brian Keith Allen
2546181,Moazzam Begg
0433465,Julia Jäger
2704342,Cedric Eich
3129674,Tamay Bulut Özvatan
0293770,Jochen Alexander Freydank
2532689,Laurel Hester
7878175,Stacie Andree
7878171,Dane B. Wells
1106629,Cynthia Wade
0001173,Aaron Eckhart
0634240,Christopher Nolan
0123785,Ben Burtt
2264184,Elissa Knight
0307531,Jeff Garlin
0000399,David Fincher
0004486,Bruno Ganz
0719637,Jeremy Renner
1107001,Anthony Mackie
1310016,Brian Geraghty
0000941,Kathryn Bigelow
2353862,Dev Patel
2951768,Freida Pinto
0795661,Saurabh Shukla
0000965,Danny Boyle
0849164,Loveleen Tandan
0356017,Rebecca Hall
1002641,Dominic Cooper
1314116,Saul Dibb
0386472,Emile Hirsch
0609403,Masahiro Motoki
0386414,Ryôko Hirosue
0945734,Tsutomu Yamazaki
0847690,Yôjirô Takita
0677597,Philippe Petit
3072750,Jean François Heckel
3072759,Jean-Louis Blondeau
1016428,James Marsh
0619178,Masami Nagasawa
3272471,Kunio Katô
3547962,Anti Chauhan
3547868,Ghutaru Chauhan
3548780,Virendra Kumar Das
0616959,Megan Mylan
1208167,Diane Kruger
0744834,Eli Roth
0941777,Sam Worthington
0757855,Zoe Saldaña
1517976,Chris Pine
0704270,Zachary Quinto
0670408,Simon Pegg
0009190,J.J. Abrams
0201857,Ricardo Darín
0897845,Soledad Villamil
0706567,Pablo Rago
0002728,Juan José Campanella
0000799,Edward Asner
2973712,Jordan Nagai
0001652,John Ratzenberger
2466842,Quinton Aaron
0005210,Tim McGraw
0359387,John Lee Hancock
2829737,Gabourey Sidibe
0594898,Mo&#x27;Nique
1745736,Paula Patton
0200005,Lee Daniels
0350454,Maggie Gyllenhaal
0268199,Colin Farrell
0178376,Scott Cooper
1289434,Emily Blunt
1670029,Rupert Friend
0885249,Jean-Marc Vallée
0639337,Richard O&#x27;Barry
2694309,Louie Psihoyos
0428194,Hardy Jones
0000352,Vincent D&#x27;Onofrio
0180984,Kevin Corrigan
0049313,Liane Balaban
3629315,Joachim Back
0827307,Bob Stephenson
0041978,Sherman Augustus
2163182,Aja Evans
3725519,François Alaux
2494615,Hervé de Crécy
2499640,Ludovic Houplain
0330687,Joseph Gordon-Levitt
0000204,Natalie Portman
0005109,Mila Kunis
0001993,Vincent Cassel
0004716,Darren Aronofsky
0251986,Jesse Eisenberg
1940449,Andrew Garfield
0005493,Justin Timberlake
1985859,Mia Wasikowska
0000349,Joan Cusack
0000147,Colin Firth
0393799,Tom Hooper
0000242,Mark Wahlberg
0010736,Amy Adams
0751102,David O. Russell
0002653,Joe Johnston
4968464,Gylfi Zoega
1674617,Andri Snær Magnason
2480587,Charles Ferguson
0491259,Mélanie Laurent
0590122,Mike Mills
0675409,Mikael Persbrandt
0245988,Trine Dyrholm
3719076,Markus Rygaard
0081540,Susanne Bier
2423358,Tim Minchin
0749509,Andrew Ruhemann
1316810,Shaun Tan
3877585,Farai Mabhande
3698559,Prudence Mabhena
3876145,Energy Maburutse
2141317,Roger Ross Williams
1487468,Luke Matheny
3730980,Marian Brock
3741481,Christopher Hirsh
0329139,Karen Goodman
0800232,Kirk Simon
0205626,Viola Davis
1297015,Emma Stone
0818055,Octavia Spencer
0853238,Tate Taylor
1913734,Rooney Mara
0005562,Owen Wilson
1046097,Rachel McAdams
0279545,Isla Fisher
0648249,Timothy Olyphant
0940362,Shailene Woodley
3837786,Amara Miller
1818216,Payman Maadi
0368689,Leila Hatami
4299147,Sareh Bayat
1410815,Asghar Farhadi
2633535,Asa Butterfield
1631269,Chloë Grace Moretz
0000489,Christopher Lee
0781981,Jason Segel
0090386,James Bobin
0241121,Jean Dujardin
0067367,Bérénice Bejo
0371890,Michel Hazanavicius
1630273,Phyllida Lloyd
4708927,Bill Courtney
4709068,O.C. Brown
4709205,Montrail &#x27;Money&#x27; Brown
2418675,Daniel Lindsay
1390562,T.J. Martin
0431622,William Joyce
1099141,Brandon Oldenburg
0112390,Anthony Brophy
0384152,Conleth Hill
0497970,Packy Lee
0313623,Terry George
0910607,Christoph Waltz
0004266,Anne Hathaway
1567113,Jessica Chastain
0249291,Joel Edgerton
0695435,Chris Pratt
0177896,Bradley Cooper
2225369,Jennifer Lawrence
4139037,Suraj Sharma
0451234,Irrfan Khan
1300009,Adil Hussain
0365140,Naomie Harris
0186505,Bryan Cranston
0000657,David Strathairn
0531808,Kelly Macdonald
0175262,Billy Connolly
0028764,Mark Andrews
0700760,Steve Purcell
1093951,Aaron Taylor-Johnson
0728938,Emmanuelle Riva
0001376,Isabelle Huppert
0359734,Michael Haneke
4582541,Rodriguez
5220239,Stephen &#x27;Sugar&#x27; Segerman
0168977,Dennis Coffey
0070594,Malik Bendjelloul
0434969,John Kahrs
1312566,Kari Wahlgren
5254152,Jack Goldenberg
0159900,Shawn Christensen
3262742,Fatima Ptacek
2172860,Kim Allen
9648255,Sarkar Abbas
5949208,Mohammad Jawad
0432616,Daniel Junge
1581464,Sharmeen Obaid-Chinoy
0277658,Sean Fine
2107225,Andrea Nix
1659547,Carey Mulligan
0068338,Kristen Bell
0579953,Idina Menzel
2676147,Jonathan Groff
1601644,Jennifer Lee
0252230,Chiwetel Ejiofor
0931324,Michael Kenneth Williams
1055413,Michael Fassbender
2588606,Steve McQueen
0190859,Alfonso Cuarón
0001467,Jared Leto
0785842,Toni Servillo
0893872,Carlo Verdone
0272677,Sabrina Ferilli
0815204,Paolo Sorrentino
0474492,Agata Kulesza
5531398,Agata Trzebuchowska
4221607,Dawid Ogrodnik
0667734,Pawel Pawlikowski
0522306,Darlene Love
0165749,Merry Clayton
1423952,Lisa Fischer
1365879,Morgan Neville
1020089,Sally Hawkins
1296102,Edward Hogg
2375389,Mat Kirkby
5793837,Laurent Witz
3115348,Alexandre Espigares
2304799,Aliza Sommer-Herz
7327441,Zdenka Fantlova
1425329,Anita Lasker-Wallfisch
3354565,Casper Crump
5376943,Pelle Falk Krusbæk
2711342,Marijana Jankovic
2225334,Anders Walter
0329651,Ellen Goosenberg Kent
1886602,Miles Teller
0799777,J.K. Simmons
2552034,Melissa Benoist
3227090,Damien Chazelle
0023832,Mathieu Amalric
0027572,Wes Anderson
2539953,Alicia Vikander
1727304,Domhnall Gleeson
1209966,Oscar Isaac
0307497,Alex Garland
1092227,Sienna Miller
0973177,Kyle Gallner
1212722,Benedict Cumberbatch
0328828,Matthew Goode
0878763,Morten Tyldum
3994407,Ryan Potter
0012523,Scott Adsit
1512166,Jamie Chung
2320658,Don Hall
0930261,Chris Williams
0302108,Zach Galifianakis
0001570,Edward Norton
1519666,Eddie Redmayne
0428065,Felicity Jones
4350114,Tom Prior
1294664,Ellar Coltrane
0000099,Patricia Arquette
0000500,Richard Linklater
0829576,Kristen Stewart
0322144,Richard Glatzer
0922903,Wash Westmoreland
0654648,David Oyelowo
0252238,Carmen Ejogo
0001856,Oprah Winfrey
1148550,Ava DuVernay
5722984,Edward Snowden
3390925,Glenn Greenwald
5015568,William Binney
0688636,Laura Poitras
0032151,Steve Apostolina
0047358,Kirk Baily
2475029,Ben Bledsoe
2444148,Patrick Osborne
6594925,Gabriel Osorio Vargas
0362766,Tom Hardy
0396558,Nicholas Hoult
0000621,Kurt Russell
0000492,Jennifer Jason Leigh
0331516,Ryan Gosling
0570912,Adam McKay
0749263,Mark Ruffalo
0565336,Tom McCarthy
2401020,Will Poulter
0688132,Amy Poehler
0352778,Bill Hader
0085400,Lewis Black
0215455,Ronnie Del Carmen
0488953,Brie Larson
5016878,Jacob Tremblay
0108703,Sean Bridgers
1049433,Lenny Abrahamson
2244205,Léa Seydoux
0753314,Mark Rylance
1720028,Amber Heard
2764022,Géza Röhrig
4112928,Levente Molnár
0714455,Urs Rechn
1841577,László Nemes
1561881,Amy Winehouse
3691877,Mitch Winehouse
1053148,Mark Ronson
0438090,Asif Kapadia
8060550,Asad Jamal
8027688,Saba
2765916,Matthew Needham
4006608,Chloe Pirrie
0723793,Eric Richard
6526715,Benjamin Cleary
3478396,Luke Bracey
1679669,Rosemarie DeWitt
0898288,Denis Villeneuve
0000729,Casey Affleck
0151419,Kyle Chandler
0518836,Kenneth Lonergan
3053338,Margot Robbie
0043742,David Ayer
0000867,Jason Bateman
0252961,Idris Elba
0397174,Byron Howard
0601781,Rich Moore
1158544,Jared Bush
2239702,Katherine Waterston
0837223,Alison Sudol
0946734,David Yates
0991810,Mahershala Ali
5218990,Trevante Rhodes
1503575,Barry Jenkins
5888481,Neel Sethi
0269463,Jon Favreau
0376610,Stephen McKinley Henderson
1486911,Shahab Hosseini
1267552,Taraneh Alidoosti
3618794,Mina Sadati
9452114,Willie Brown
0250035,Harry Edwards
1521683,John McKay
1554601,Ezra Edelman
0054659,Alan Barillaro
5458268,Dorka Gáspárfalvi
6664749,Dorottya Hais
0843763,Zsófia Szamosi
2038042,Kristóf Deák
13434452,Dana Abed
13327198,Tia Alkerdi
8594925,Khalid Farah
3915542,Orlando von Einsiedel
9687869,Tom Wudl
1103802,Frank Stiefel
2257207,Daniel Kaluuya
4129745,Allison Williams
0925966,Bradley Whitford
1443502,Jordan Peele
4141252,Lily James
0000218,Kristin Scott Thomas
1869101,Ana de Armas
7887725,Fionn Whitehead
4422686,Barry Keoghan
3154303,Timothée Chalamet
2309517,Armie Hammer
0836121,Michael Stuhlbarg
0345174,Luca Guadagnino
0000437,Woody Harrelson
0005377,Sam Rockwell
5645519,Anthony Gonzalez
0000973,Benjamin Bratt
2937122,Adrian Molina
0788335,Michael Shannon
3043279,Vicky Krieps
0544334,Lesley Manville
1659221,Sebastian Stan
0005049,Allison Janney
0318916,Craig Gillespie
2406731,Bryan Fogel
5463239,Dave Zabriskie
2272288,Don Catlin
6061529,Daniela Vega
0721280,Francisco Reyes
0323483,Luis Gnecco
0133326,Sebastián Lelio
0276162,Rachel Fielding
0948753,Philip York
2053650,Rachel Shenton
1546084,Chris Overton
1080835,Hector Luis Bustamante
1889467,Toy Lei
1659891,Christopher Abram
1101483,Kobe Bryant
0443855,Glen Keane
0004802,Linda Cardellini
0268380,Peter Farrelly
1569276,Chadwick Boseman
0430107,Michael B. Jordan
2143282,Lupita Nyong&#x27;o
3363032,Ryan Coogler
4271336,Shameik Moore
2159926,Jake Johnson
2794962,Hailee Steinfeld
2130108,Bob Persichetti
0709056,Peter Ramsey
0745247,Rodney Rothman
3078932,Lady Gaga
1785339,Rami Malek
2377903,Lucy Boynton
3152605,Gwilym Lee
0913475,John David Washington
3485845,Adam Driver
5637553,Laura Harrier
0000490,Spike Lee
1469236,Olivia Colman
0487166,Yorgos Lanthimos
2946516,Claire Foy
0164809,Jason Clarke
8611957,Yalitza Aparicio
0211920,Marina de Tavira
9948845,Diego Cortina Autrey
8460487,KiKi Layne
4150847,Stephan James
3658958,Alex Honnold
2225545,Tommy Caldwell
3011011,Jimmy Chin
1888091,Elizabeth Chai Vasarhelyi
0006958,Jonathan Tucker
4359664,Danielle Macdonald
0858500,Ashley Thomas
1142235,Guy Nattiv
3826566,Sindy Lau
8786591,Kai Li
2831588,Sharmaine Yeoh
7626019,Domee Shi
9923635,Ajeya
9923640,Anita
9916030,Gouri Choudari
3593950,Rayka Zehtabchi
0814280,Song Kang-ho
1310525,Lee Sun-kyun
1856097,Cho Yeo-jeong
0094435,Bong Joon Ho
1519680,Saoirse Ronan
0914612,Emma Watson
6073955,Florence Pugh
1950086,Greta Gerwig
1256532,Jon Bernthal
5939164,Zazie Beetz
0680846,Todd Phillips
2835616,Dean-Charles Chapman
1126657,George MacKay
0990547,Daniel Mays
0005366,Jay Roach
9877392,Roman Griffin Davis
5057169,Thomasin McKenzie
0169806,Taika Waititi
0001633,Annie Potts
2155757,Josh Cooley
5005121,Julia Greer
0000876,Noah Baumbach
1981893,Riz Ahmed
4972453,Olivia Cooke
0705152,Paul Raci
2942187,Darius Marder
5473782,Taron Egerton
0068260,Jamie Bell
0534635,Richard Madden
2976580,Jessie Buckley
1587729,Finn Wittrock
3734458,Rupert Goold
10930330,Junming &#x27;Jimmy&#x27; Wang
10930331,Robert Allen
2414445,Sherrod Brown
0091840,Steven Bognar
0717064,Julia Reichert
1978694,Maria Dizzia
2841791,Greg Keller
8943180,Juliana Canfield
1903582,Marshall Curry
4793987,Issa Rae
1525794,Matthew A. Cherry
1155067,Everett Downing Jr.
0807563,Bruce W. Smith
11565969,Fatima
11565274,Kashida
0246009,Carol Dysinger
1500155,Robert Pattinson
4456120,Elizabeth Debicki
3102998,Bo Burnham
1555340,Alison Brie
2193504,Emerald Fennell
0309693,Mark Gatiss
1725469,Florian Zeller
0275486,Tina Fey
0636218,Graham Norton
5358492,Kemp Powers
0586568,Mads Mikkelsen
0488917,Thomas Bo Larsen
2099237,Magnus Millang
0899121,Thomas Vinterberg
3081796,Steven Yeun
3680658,Han Ye-ri
10910136,Alan Kim
1818032,Lee Isaac Chung
9584508,Linda May
2125482,Chloé Zhao
1086543,Amanda Seyfried
2934314,Lily Collins
0287741,Craig Foster
6463020,Tom Foster
11813828,Pippa Ehrlich
1624755,James Reed
5352388,Joey Badass
9985660,Zaria
10656440,Vincent Mordente
3579257,Travon Free
1804553,Martin Desmond Roe
0877270,Glynn Turman
0938045,George C. Wolfe
1854728,Michael Govier
0566489,Will McCormack
1975269,Carl Prekopp
9362379,Belal Sabir
12666304,Leon Ung
4090848,Aneil Karia
11268542,Colette Marin-Catherine
11287343,Lucie Fouble
1818348,Anthony Giacchino
0272581,Rebecca Ferguson
3918035,Zendaya
1560977,Cary Joji Fukunaga
3715867,Stephanie Beatriz
1239720,María Cecilia Botero
4146781,Charise Castro Smith
0147147,Henry Cavill
2933757,Gal Gadot
0811583,Zack Snyder
5052065,Ansel Elgort
10399505,Rachel Zegler
3663196,Ariana DeBose
2181128,Joel Fry
4454223,Emilia Jones
1319274,Troy Kotsur
1571761,Sian Heder
1176985,Dave Bautista
3480246,Ella Purnell
0307143,Ana de la Reguera
0687146,Jesse Plemons
11879379,Jude Hill
11888099,Lewis McAskie
1495520,Caitríona Balfe
3147751,LaKeith Stanfield
3489851,Shaka King
0254712,Aunjanue Ellis-Taylor
3232264,Reinaldo Marcus Green
0632689,Hidetoshi Nishijima
4392528,Tôko Miura
1929776,Reika Kirishima
3152327,Ryûsuke Hamaguchi
0427728,Cherry Jones
0795290,Michael Showalter
12755863,Dorinda Drake
12755861,Barbara Bland-Acosta
12710321,Darryl Lewis
0859821,Questlove
0010938,Eboni Adams
7522451,Kara Dyan Whitfield
4650285,Fanny Rosen
2856960,Alberto Mielgo
0083399,Larry Bird
12513817,Lusia Harris
1234110,Oscar Robertson
3988897,Ben Proudfoot
2676052,Joseph Kosinski
3513533,Stephanie Hsu
3453283,Daniel Kwan
3215397,Daniel Scheinert
4004793,Letitia Wright
1775091,Danai Gurira
0436835,Felix Kammerer
3477129,Albrecht Schuch
6037256,Aaron Hilmer
0074163,Edward Berger
5584750,Sadie Sink
1339223,Ty Simpkins
1694524,N.T. Rama Rao Jr.
2776304,Ram Charan
0222426,Ajay Devgn
1442514,S.S. Rajamouli
0103195,David Bradley
9640481,Gregory Mann
0348993,Mark Gustafson
10946969,Jude Coward Nicoll
0390903,Tom Hollander
2718617,Peter Baynton
12104786,Charlie Mackesy
0001631,Sarah Polley
6281092,Alexei Navalny
6764494,Yulia Navalnaya
10577559,Christo Grozev
4173215,Daniel Roher
5339108,Seamus O&#x27;Hara
10203835,James Martin
1572219,Paddy Jenkins
5627389,Tom Berkeley
8504330,Ross White
14679110,Bellie
14679109,Bomman
14232155,Kartiki Gonsalves
0614165,Cillian Murphy
3041056,Christian Friedel
1197689,Sandra Hüller
14477035,Johann Karthaus
0322242,Jonathan Glazer
0035128,Swann Arlaud
12299991,Milo Machado-Graner
2630323,Justine Triet
5007768,Da&#x27;Vine Joy Randolph
14073757,Dominic Sessa
13177683,Soma Santoki
4027243,Masaki Suda
0793069,Kô Shibasaki
4947538,Minami Hamabe
1126340,Ryûnosuke Kamiki
2747232,Sakura Andô
0945724,Takashi Yamazaki
0942482,Jeffrey Wright
4169254,Skyler Wright
0018099,John Ales
6852255,Cord Jefferson
15608630,Liudmyla Amelkina
13512939,Mstyslav Chernov
15954301,Roman Golovanov
2973824,Ellen Parren
1846240,Henry van Loon
0720671,Thekla Reuten
6255610,Victoria Warmerdam
15190553,Zahra Moosavi
5548859,Hossein Molayemi
11580481,Shirin Sohani
3331049,Orin O&#x27;Brien
17034784,Manny Alvarez
17034785,Julian Barrera
0639739,Molly O&apos;Brien
4148067,Johnny Alexander
0238057,Shawn Driscoll
0376511,Kevin Henderson
0612391,Dave Mullins
15397669,Dana Atkinson
15397671,Duane Michaels
15397670,Paty Moreno
3929283,Kris Bowers
0001804,Stanley Tucci
5700898,Mikey Madison
0919311,Paul Weissman
5426973,Yura Borisov
0048918,Sean Baker
4960279,Margaret Qualley
0267287,Coralie Fargeat
7248827,Cynthia Erivo
3812858,Ariana Grande
0160840,Jon M. Chu
1227232,Brady Corbet
0001085,Kieran Culkin
6159473,Olha Bosova
6478535,Gints Zilbalodis
0868639,Fernanda Torres
0005244,Fernanda Montenegro
0578080,Selton Mello
1035423,Karla Sofía Gascón
1411125,Selena Gomez
0002191,Jacques Audiard
15732721,Yuval Abraham
15732719,Basel Adra
15732720,Hamdan Ballal
